date,headline,source
2026-03-12T09:41:11Z,Bohemians' unlikely defence key to unexpected title tilt,RTE
2026-03-12T09:40:00Z,Apple Store、mophieのiPhone Air用MagSafe対応ケース「mophie Check Case for iPhone 17（MagSafe対応）」を販売開始,Excite.co.jp
2026-03-12T09:38:00Z,This $40 accessory solves MacBook Neo's major weakness by eliminating battery anxiety,Notebookcheck.net
2026-03-12T09:35:02Z,Gamers just want to chill out and farm — and it's sparking a surprise rally in Nintendo stock,Business Insider
2026-03-12T09:35:00Z,Apple Store、mophieのiPhone 17用MagSafe対応ケース「mophie Check Case for iPhone 17（MagSafe対応）」を販売開始,Excite.co.jp
2026-03-12T09:34:26Z,Owen Wilson’s Acclaimed Apple TV Comedy Casts SNL Alum for Season 2,ComingSoon.net
2026-03-12T09:30:00Z,"Connor Teskey: Inside Brookfield’s Culture, Capital Allocation, and Competitive Edge",Fs.blog
2026-03-12T09:30:00Z,‘In the market for…’ – Top-tier source hints at prospective Liverpool summer transfer activity,Empire of The Kop
2026-03-12T09:29:49Z,IIT Kharagpur hosts first SPARC National Conclave in Kolkata,The Times of India
2026-03-12T09:26:41Z,Niveditha Gowda’s viral reel sparks buzz over her ‘Life isn’t perfect’ caption,The Times of India
2026-03-12T09:25:18Z,The evolution of Mac app window corners,Lapcatsoftware.com
2026-03-12T09:24:03Z,"TVS Orbiter e-scooter now costs just Rs 49,999! BaaS rental, range etc explained",The Times of India
2026-03-12T09:22:01Z,The billionaire whisperer: How Jeffrey Epstein built a fortune no one can fully explain,The Times of India
2026-03-12T09:20:00Z,"No, Really, Why Are We At War?",Slate Magazine
2026-03-12T09:20:00Z,Souness refuses to answer key question about Slot’s Liverpool future,Empire of The Kop
2026-03-12T09:16:50Z,"MacBook Air 13"", M4 10C CPU and 10C GPU 24GB 512GB SSD $1749 (RRP $2199) Delivered @Costco (Membership Required)",Ozbargain.com.au
2026-03-12T09:07:31Z,Offline AI - Pisheru,Giveawayoftheday.com
2026-03-12T09:04:19Z,India plans new $11 billion fund to support local chipmaking,The Times of India
2026-03-12T09:03:00Z,"$940 Mn Next Generation RNA Therapeutics Markets, 2026-2035 Industry Trends and Global Forecasts",GlobeNewswire
2026-03-12T09:01:00Z,"Multiple Academy Award and Grammy Award Winning Artist Finneas O'Connell to Score Netflix's Next Installment of ""Beef""",Thefutoncritic.com
2026-03-12T09:00:00Z,Six Stocks That Could Soar in an Era of Regional Instability,OilPrice.com
2026-03-12T09:00:00Z,5 ways to resist the urge to keep looking at your phone,NPR
2026-03-12T08:57:08Z,8player Pro,Giveawayoftheday.com
2026-03-12T08:55:00Z,‘From what we hear…’ – David Ornstein issues Konate contract update amid ‘constructive’ talks,Empire of The Kop
2026-03-12T08:54:51Z,Explained: How India is trying to regulate children’s social media use — and why gaps remain,The Indian Express
2026-03-12T08:52:23Z,Apple Just Transformed the CarPlay Experience in iOS 26.4 Beta 4 - Geeky Gadgets,Slashdot.org
2026-03-12T08:35:10Z,"Junior Sales / Lead Generation (Internship) by SysGears, 26 March",Dou.ua
2026-03-12T08:35:02Z,iPhone Fold will reportedly offer iPad-like UI on inner display,GSMArena.com
2026-03-12T08:32:39Z,How well does the new MacBook Neo handle gaming? Andrew Tsai tested 10 games to find out - 9to5Mac,Slashdot.org
2026-03-12T08:32:29Z,MacBook Pro to Receive 'Major Upgrade' by Early Next Year - MacRumors,Slashdot.org
2026-03-12T08:30:24Z,"Business Analyst Trainee by SysGears, 27 March",Dou.ua
2026-03-12T08:30:00Z,Liverpool players on brink of Champions League suspension before decisive tie,Empire of The Kop
2026-03-12T08:30:00Z,Macworld Podcast: MacBook Neo review,Macworld
2026-03-12T08:16:36Z,"Sam's Club Members: 128GB Apple iPad Pro M.2 11"" WiFi Tablet (2022) (Silver) $380 Free S&H for Sam's Club Plus Members",Slickdeals.net
2026-03-12T08:15:35Z,Streets of Rage 4 (iOS or Android Digital Game App) $2,Slickdeals.net
2026-03-12T08:10:00Z,“I’m expecting…” – David Ornstein outlines where Slot stands at Liverpool after latest setback,Empire of The Kop
2026-03-12T08:01:35Z,Apple Musicの新企画「The One」で、エステル「American Boy (Live from Apple Music Studios)」の配信開始,Arigato-ipod.com
2026-03-12T08:00:18Z,iPhone 18 Pro Trial Production Starts: The Most Significant Upgrade in Years?,Geeky Gadgets
2026-03-12T08:00:00Z,"AirTag tech, but make it wallet-friendly — and on sale for just $24",Macworld
2026-03-12T08:00:00Z,"Canadian Travel Slumps, Hilton Sounds Alarm, Airbnb Ops Push",Skift
2026-03-12T07:50:30Z,"I went to an Apple Store in Los Angeles, and tried the MacBook Neo: Here’s my experience",The Indian Express
2026-03-12T07:39:00Z,iOS 16.7.15 & iOS 15.8.7 Released with Security Updates for Older iPhone & iPad,Osxdaily.com
2026-03-12T07:35:00Z,Would 5th place still be enough for Liverpool to qualify for UCL after England’s nightmare week?,Empire of The Kop
2026-03-12T07:06:00Z,Gaming on the Phone Is Increasing in Popularity,Android Headlines
2026-03-12T07:04:49Z,Generative AI vegetarianism | Sean Boots,Sboots.ca
2026-03-12T07:01:39Z,Billie Eilish in talks to make film debut in Sarah Polley’s adaptation of The Bell Jar,The-independent.com
2026-03-12T07:01:08Z,Centimillimental World Tour 2025–2026 'Cafuné' Official Live Report (KT Yokohama March 10) Announces New Song 'highlight' to Drop on March 27,Anime News Network
2026-03-12T07:00:13Z,iOS 26.4 Beta 4 is Out: The Final Polish Before the Spring Release,Geeky Gadgets
2026-03-12T07:00:00Z,Should I Teach My Teen to Speed?,Slate Magazine
2026-03-12T07:00:00Z,"New Driver, Who Dis?",Acast.com
2026-03-12T07:00:00Z,Bayern Munich’s 2019/20 season is not the only thing Hansi Flick has saved,Bavarian Football Works
2026-03-12T07:00:00Z,"What Next - No, Really, Why Are We At War?",Acast.com
2026-03-12T06:49:56Z,St. Louis Cardinals Slated For Several Nationally-Televised Games,Roundtable.io
2026-03-12T06:44:49Z,Comment on Thrive through the Holidays by Escape Tsunami for Brainrots,Andiemitchell.com
2026-03-12T06:38:19Z,"Apple iPad Pro 11"" Wi-Fi - 4th Generation 2022 Model $379.91",Slickdeals.net
2026-03-12T06:25:00Z,‘My intel…’: Journo shares what Man Utd are now ‘definitively thinking’ about signing £90m England star,Strettynews.com
2026-03-12T06:11:18Z,jax-mps 0.9.8.dev303,Pypi.org
2026-03-12T06:06:36Z,jax-mps 0.9.7,Pypi.org
2026-03-12T06:04:09Z,jax-mps 0.9.7.dev301,Pypi.org
2026-03-12T06:00:14Z,Apple’s iPhone Fold Leak: A 7.8-Inch ‘iPad’ That Fits in Your Pocket,Geeky Gadgets
2026-03-12T05:51:53Z,iPad Pro M2 12.9inch $529.91,Slickdeals.net
2026-03-12T05:47:01Z,How to Run Local LLMs with Claude Code | Unsloth Documentation,Unsloth.ai
2026-03-12T05:47:01Z,"msitarzewski/agency-agents: A complete AI agency at your fingertips** - From frontend wizards to Reddit community ninjas, from whimsy injectors to reality checkers. Each agent is a specialized expert with personality, processes, and proven deliverables.",Github.com
2026-03-12T05:42:08Z,India prepares smartphone export incentives in a boost for Apple,The Times of India
2026-03-12T05:42:08Z,India prepares smartphone export incentives in a boost for Apple,The Times of India
2026-03-12T05:41:18Z,"Apple AirTag (2nd generation), 4-pack, Includes additional AirTag 1-pack (2nd generation) $99.99",Slickdeals.net
2026-03-12T05:33:43Z,WhatsApp rolls out new parent-managed accounts for under-13 users: How parents can set it up,The Indian Express
2026-03-12T05:30:00Z,"Pair of Waterford city centre venues, Kazbar and Davy Mac’s, offer range of hospitality options",Independent.ie
2026-03-12T05:30:00Z,MWC 2026: The next generation of technology revealed,The Irish Times
2026-03-12T05:24:42Z,[AC] $4.94* | CarEase Wireless USB-C CarPlay Adapter for Apple iPhone at Amazon (0 replies),Slickdeals.net
2026-03-12T05:13:51Z,"Cashew apple can boost farmers’ income through value addition, say experts",BusinessLine
2026-03-12T05:12:00Z,Forest Avenue review: A Michelin-starred tasting menu for €75 that feels almost subversive,The Irish Times
2026-03-12T05:06:59Z,mlx-spectro 0.4.0,Pypi.org
2026-03-12T05:06:48Z,Roborock Saros Z70 Robot Vacuum w/ Mechanical Foldable Arm $1699 (RRP $3999) Delivered @ Mobileciti,Ozbargain.com.au
2026-03-12T04:50:55Z,Can you hunt the same deer stand two days in a row?,Lifesciencesworld.com
2026-03-12T04:39:01Z,iPhone 18 Pro may skip a price hike — and that’s a bigger deal than you think,Cult of Mac
2026-03-12T04:35:06Z,Tata Play Binge expands to VIDAA-powered smart TVs in India,The Times of India
2026-03-12T04:34:04Z,"Leapmotor B10 gets first OTA software update – one-pedal driving, Apple CarPlay/Android Auto, shortcuts",Paul Tan's Automotive News
2026-03-12T04:33:49Z,The Purple Heart,Everything-everywhere.com
2026-03-12T04:33:05Z,onnx2mlx 0.0.5,Pypi.org
2026-03-12T04:25:14Z,Kerry Washington Steps Out for An Unforgettable Evening 2026 with Mom Valerie!,Just Jared
2026-03-12T04:15:00Z,"Braves News: Braves TV, Spencer Strider pitches well, more",Batterypower.com
2026-03-12T04:14:43Z,"Apple locks in book-style foldable iPhone, targets fall 2026 launch with 20% production boost",Digitimes
2026-03-12T04:01:43Z,'He's a Bald-Headed Child': Marlow Roasts Mark Kelly for Iran War Lies,Breitbart News
2026-03-12T04:01:39Z,Schumer Takes Stand for 'Tens of Billions' of Illegal Aliens ICE Could Remove from Voter Rolls,Breitbart News
2026-03-12T04:01:35Z,CNN Humiliation as They Repeatedly Cover for ISIS-Aligned Terrorists,Breitbart News
2026-03-12T04:00:00Z,Bayern Munich News: Real Madrid to offer €160 million for Michael Olise,Bavarian Football Works
2026-03-12T04:00:00Z,Yankees news: Projecting the rest of Aaron Judge’s prime,Pinstripe Alley
2026-03-12T04:00:00Z,THE MACKLOWE WHISKEY,Blessthisstuff.com
2026-03-12T03:18:45Z,Apple releases important security update for older iPhone models that you should install ASAP,PhoneArena
2026-03-12T03:14:53Z,How well does the new MacBook Neo handle gaming? Andrew Tsai tested 10 games to find out,9to5Mac
2026-03-12T03:13:59Z,What fruit can ferrets eat?,Lifesciencesworld.com
2026-03-12T03:00:00Z,【3月12日は世界腎臓デー】腎臓病の早期発見・啓発へ。ウェブサイト「じんラボ」が新規会員登録キャンペーンを開始。スマートウォッチなど自己管理に役立つアイテムが抽選で当たる,Prtimes.jp
2026-03-12T02:56:56Z,Pete “Crab Legs” Hegseth’s $93B Shopping Spree Sparks Taxpayer Anger,Hip-Hop Wired
2026-03-12T02:53:37Z,"Taiwan fund assets seen rising 36% to $968 billion on ETF boom, TSMC strength",CNA
2026-03-12T02:52:41Z,Can sugar gliders have wood?,Lifesciencesworld.com
2026-03-12T02:51:48Z,Samsung Display CEO warns of cost pressure due to oil shock from Iran war,CNA
